House	821
Church	250
Hall	235
Bill	140
Freedom	87
Governor	80
Sultan	60
Duke	60
King	55
Chancellor	40
Prince	39
Princess	31
Life	31
Spirit	30
Kingdom	28
Legion	26
Hospital	21
West	20
March	14
Love	13
Indians	13
Architect	12
Bar	11
Edge	10
Angel	10
Summer	9
Passion	9
Emir	9
Crash	9
Paris	8
French	7
Time	6
Man	6
Dean	6
Charles	6
Best	6
Price	5
Lady	5
Ghost	5
Future	5
Case	5
Washington	4
Skin	4
Rock	4
Hard	4
Gates	4
Exodus	4
Dome	4
Diet	4
Baths	4
Way	3
Reality	3
Mecca	3
Hill	3
Flame	3
Eve	3
Dog	3
Butcher	3
Belly	3
Vienna	2
Taj Mahal	2
Stone	2
Shape	2
Senator	2
Scylla	2
Progress	2
Peace	2
Nature	2
Miracle	2
Messiah	2
Merchant	2
Key	2
Justice	2
India	2
Glory	2
Franklin	2
Flow	2
Exhibition	2
David	2
Choice	2
China	2
Canon	2
Boris	2
Big Red	2
Belle	2
Wings	1
Wing	1
Webster	1
Vicar	1
Universe	1
Torch	1
Thompson	1
Sybil	1
Struggle	1
Sputnik	1
Short	1
Shepherd	1
Sahara	1
Saga	1
Rose	1
Rome	1
Rake	1
Problem	1
Perrier	1
Panic	1
Norman Conquest	1
Niagara	1
Lone Ranger	1
Line	1
Lily	1
Lawrence	1
Lacey	1
Johnson	1
Ishmael	1
Hydra	1
Gordon	1
Goliath	1
Fire	1
Emma	1
Egypt	1
East	1
Diana	1
Curse	1
Craft	1
Country	1
Colette	1
Caravan	1
Call	1
Bull	1
Bond	1
Benjamin	1
Beef	1
Beat	1
Beans	1
Aura	1
Athena	1
Ashanti	1
Arthur	1
Arrow	1
Arcadia	1
Anita	1
Albert	1
Ace	1
Ten	5
Joan	5
Banks	5
Sale	4
Files	4
Africa	4
Winter	3
Waterloo	3
Versailles	3
Sage	3
Evidence	3
Argentina	3
Tiffany	2
September	2
Nizam	2
Nile	2
Knight	2
Kew	2
German	2
Florence	2
Flood	2
Bridges	2
Aid	2
Stanford	1
Speech	1
Second	1
Seal	1
Scorpio	1
Salome	1
Saigon	1
Roosevelt	1
Red Star	1
Pay	1
Oscar	1
Mercedes	1
Matthew	1
Magic	1
Khalifa	1
Juggernaut	1
Joy	1
Jewel	1
Jack	1
Ireland	1
Hilarion	1
Gloria	1
Gibraltar	1
Franck	1
Exile	1
Empress Wu	1
Divine	1
Den	1
Dawn	1
Dauphin	1
Culture	1
Cook	1
Clemens	1
Cincinnatus	1
Champagne	1
Chalice	1
Carter	1
Car	1
Carmel	1
Blues	1
Black Dog	1
Bird	1
Birdman	1
Bernard	1
Sun	4
Wrath	3
Promise	3
Parade	3
Test	2
Strings	2
Passage	2
Nike	2
Israel	2
Beverly Hills	2
Ark	2
Youth	1
Work	1
Will	1
Weber	1
Water	1
Virginia	1
Trinity	1
Toast	1
Taylor	1
Sunday	1
Steel Curtain	1
Rani	1
Raja	1
Prism	1
Prime	1
Oliver	1
Michel	1
Logic	1
Laurel	1
Indiana	1
Imam	1
Icarus	1
Fury	1
Circus	1
Chaos	1
Calcutta	1
Broad	1
Blueprint	1
Beaumont	1
Baron	1
Andy	1
Ambrose	1
Alberich	1
Adonis	1
Abbott	1
Abyss	4
Pool	2
Monte Carlo	2
Maya	2
Hudson	2
Gilbert	2
Fang	2
Drama	2
Demon	2
Dakota	2
Watusi	1
Walker	1
Tiger	1
Swan	1
Substance	1
Spice	1
Silver	1
Sharif	1
Seven	1
Sentence	1
Rich	1
Ria	1
Park	1
One	1
Monster	1
Milk	1
May	1
Lionel	1
Heartbeat	1
Hades	1
Grace	1
Frequency	1
Figaro	1
Edgar	1
Danes	1
Close	1
Alexander	1
Baby	3
Orlando	2
Invader	2
Wright	1
Turkey	1
Tone	1
Swiss	1
Sole	1
Sierra	1
Sicily	1
Priest	1
Philips	1
Morris	1
Mansfield	1
Maestro	1
Luck	1
Lioness	1
Leonard	1
Larkin	1
Lap	1
Kick	1
June	1
Jordan	1
Job	1
Jeremiah	1
Georges	1
Darryl	1
Challenger	1
Cellini	1
Boyfriend	1
Ayatollah	1
Arcade	1
Pilgrim	3
Ivan	2
Atlantis	2
Xavier	1
Uzi	1
Stigma	1
Smith	1
Slim	1
Sleep	1
Shade	1
Seth	1
Salomon	1
Run	1
Proof	1
Pressure	1
Paterno	1
Pasha	1
Oz	1
Nebraska	1
Lola	1
Little Rock	1
Lewis	1
Hercules	1
Helen	1
Garnier	1
Flip	1
Fischer	1
Eden	1
Driver	1
Candyman	1
Camacho	1
Amazon	1
Alaska	1
Adelaide	1
Novel	3
Mars	3
Tao	2
Peter	2
Lolita	2
White	1
Valle	1
Tony	1
Target	1
Stanhope	1
Richebourg	1
Richard	1
Red	1
Pose	1
Perez	1
Pearl	1
Olga	1
Mitchell	1
Lisa	1
Lay	1
Juvenile	1
Hunt	1
Hub	1
Hannah	1
Figure	1
Fantasia	1
Dan	1
Custom	1
Blue	1
Bassano	1
Axiom	1
